Empresa,Especialização,Contacto_referência,Cargo,Email,Telefone,Escritório_PT,Fonte,Notas_validação
Egon Zehnder (Lisbon),Executive Search / Leadership Advisory,Equipa do escritório (nome individual não listado nesta página),Office contact,lisbon@egonzehnder.com,+351 21 351 06 60,"Av. Sidónio Pais 8 5º, 1050-214 Lisboa",https://www.egonzehnder.com/office/lisbon,Email/telefone confirmados na página do escritório.
Odgers Berndtson (Portugal),Executive Search / Leadership Development,Equipa Portugal (nome individual não listado na página),Office contact,lisboa@odgers.com,,Lisboa (Portugal),https://www.odgers.com/en-fr/about-us/locations/europe/portugal/,Página fornece email (mailto). Telefone não visível no extract.
Korn Ferry (Lisbon),Executive Search / Organizational Consulting,"Alexandra Garcia; Margarida Lousada; Mariana Branquinho; Paulo Figueiredo; Pedro Rocha Matos; Tiago Muge; Tiago Pessoa","Our experts (ver página)",, +351 21 315 21 70,"Edifício Atlantis, Av. D. João II 44C Piso 7.1/7.2, Parque das Nações, Lisboa",https://www.kornferry.com/about-us/global-offices/lisbon,Nomes e telefone confirmados; email direto não aparece (usa contact form).
Spencer Stuart,Executive Search / Board & CEO Advisory,General contact,Contacto geral,contact@spencerstuart.com,,Portugal (via contacto global),https://www.spencerstuart.com/contact-us,Email geral confirmado; não específico PT no extract.
Hays (Portugal),Recrutamento especializado + Executive Search (serviço),Escritório Lisboa / Porto (equipa não listada na página),Office contact,,"Lisboa +351 21 782 6560; Porto +351 22 607 8610","Lisboa (Av. da República 90 1º) + Porto",https://www.hays.pt/contactos/escritorios,Telefones e moradas confirmados; email não visível na página.
Michael Page (Portugal),Recrutamento especializado (Healthcare & Life Sciences),Equipa HCLS (nomes não listados no extract),Contacto via site/form,, ,Portugal (Lisboa/Porto),https://www.michaelpage.pt/especialistas-em-recrutamento/healthcare-life-sciences,Página confirma especialização; contactos diretos não aparecem no extract.
Robert Walters (Portugal),Executive Search (incl. liderança),Contacto escritório (sem validação via site por bloqueio),Office contact,,"+351 210 403 239 (segundo snippet de search)",Lisboa (Av. da Liberdade 190 3ºB),https://empresite.jornaldenegocios.pt/ROBERT-WALTERS-PORTUGAL.html,Site oficial bloqueou fetch (PerimeterX). Empresite confirma morada; telefone no Empresite está truncado.
HRB Solutions (Portugal),Executive Search / Headhunting,Não validado (precisa confirmação em página oficial),, , ,Portugal,https://www.hrbsolutions.eu/solucoes_empresas/executive-search/,Necessário validar contactos na página de contactos.
ISPROX (Portugal),Executive Search / Headhunting,Não validado (precisa confirmação em página oficial),,,Portugal,https://isprox.com/pt/executive-search/,Necessário validar contactos/office PT.
